{
    "data": [
        {
            "img":"./img/诚品/马克杯.webp",
            "title":"24款手工马克杯",
            "introduce":"马克杯是一种杯子类型，指大柄杯子，因为马克杯的英文叫mug，所以翻译成马克杯。马克杯是家常杯子的一种，一般用于牛奶、咖啡、茶类等热饮。西方一些国家也有用马克杯在工作休息时喝汤的习惯。杯身一般为标准圆柱形或类圆柱形，并且杯身的一侧带有把手。马克杯的把手形状通常为半环，通常材质为纯瓷、釉瓷、玻璃，不锈钢或塑料等"

        },
        {
            "img":"./img/诚品/花卷.webp",
            "title":"花卷",
            "introduce":"花卷是和包子、馒头类似的面食，是一种古老的中国面食。作为经典家常的主食，可以做成椒盐、麻酱、葱油等各种口味。营养丰富，味道鲜美，做法简单。将面制成薄片拌好作料后卷成半球状，蒸熟即可。相传为三国时期蜀国丞相诸葛亮所发明。诸葛亮创始的馒头，毕竟里面加上了牛羊肉馅，工序复杂且花费较多。于是，后人便将做馅的工序省去，就成了馒头。而有馅的，则成为包子，捏有很多褶皱像花开一样的，就起名为“花卷"
        },
        {
            "img":"./img/诚品/背包.webp",
            "title":"都市背包",
            "introduce":"背包(BackPack)，指背在背上的包，材质以多样化，真皮、塑料材质、涤纶、帆布、尼龙、棉麻等质地的箱包。在越来越标榜个性的时期，简约、复古、卡通等各类风格也从不同侧面迎合时尚人士张扬个性的需求。箱包的款式也由传统的商务包、书包、旅行包向笔袋、零钱包、小香包等扩展。"
        },
        {
            "img":"./img/诚品/路亚.png",
            "title":"路亚fishing",
            "introduce":"路亚，取名来源为Lure的音译，是一种钓鱼方法，是模仿弱小生物引发大鱼攻击的一种方法。这种钓鱼方法讲究技巧，需要竿、饵、轮的综合操作。在整个过程中，钓者是在做全身运动，同时路亚装备简洁，干净环保，与传统钓法有着极大的差异。人与自然的关系体现在路亚运动的各方面，路亚运动和传统钓鱼最大的区别便是环保回收"
        }
    ]
}