{
    "data": [
        {
            "picture": "./img/听说/头像01.webp",
            "title": "不如我们从头开始",
            "name": "彼此大大",
            "label": "校园",
            "text": "最终还是会回到充满暖色灯光，充满市井烟火的夜市中，就像是落叶归根。来，上一碗喜欢喝的热汤，在寒冷的冬天里，不仅温暖了胃，也温暖了心。",
            "desc": "敦煌研究院系列之一",
            "like": 22,
            "comment": 34
        }
    ]
}