{
    "success": true,
    "msg":"",
    "banner":[
        {
            "title":"回到过去 - 周杰伦",
            "content":"《回到过去》是周杰伦演唱的一首歌曲，收录于他的专辑《依然范特西》中。这首歌以其深情的旋律和细腻的歌词，表达了对过去时光的怀念和对未来的憧憬。周杰伦独特的嗓音和音乐风格，让这首歌成为许多人心中的经典之作。"
        },
        {
            "title":"你瞒我瞒 - 陈柏宇",
            "content":"《你瞒我瞒》是陈柏宇演唱的一首歌曲，以其悠扬的旋律和富有诗意的歌词，讲述了一个关于谎言与真相的故事。通过细腻的情感表达，引发听众对人性的思考。"
        },
        {
            "title":"《You Are Beautiful》 - 刘沁",
            "content":"《You Are Beautiful》是刘沁演唱的一首歌曲，以其动人的旋律和深情的歌词，表达了对美好事物的赞美和对生活的热爱。"
        },
        {
            "title":"《爱如潮水》 - 张信哲",
            "content":"《爱如潮水》是张信哲演唱的一首经典歌曲，以其深情的旋律和细腻的歌词，表达了对爱情的执着和对过去的回忆。这首歌是许多人心中的永恒经典。"
        }
    ]
}