{
    "success": true,
    "msg": "",
    "movement": [
        {
            "img": "./img/首页/乐章01.webp",
            "compose": "怪咖",
            "singer": "薛之谦",
            "song": "既平静还能突然挣扎我自愿作怪咖,就不怕被你笑话你还有几次分开的话新鲜感不佳词语匮乏感情里的怪咖"
        },
        {
            "img": "./img/首页/乐章02.webp",
            "compose": "你瞒我瞒",
            "singer": "陈柏宇",
            "song": "无言的亲亲亲,侵袭我心,仍宁愿亲口讲你累得很,如除我以外在你心,还多出一个人,你瞒住我,我亦瞒住我,太合衬"
        },
        {
            "img": "./img/首页/乐章03.webp",
            "compose": "执迷不悟",
            "singer": "小乐哥",
            "song": "突然会想起了全部,我对你又何止是执迷不悟,所有的纪念日记得清楚,庸人自扰的束缚狼狈演出,突然还会想起了全部"
        },
        {
            "img": "./img/首页/乐章04.webp",
            "compose": "故事很短",
            "singer": "于冬然",
            "song": "大不必同情心泛滥,我们的结局更乱不算简单,全是敷衍后变淡无法翻盘,你走远后回头看,我还在翘首以盼,无法心安"
        }
    ]
}