{
    "success": true,
    "msg": "",
    "travel": [
        {
            "img":"./img/首页/游记01.png",
            "title":"穿越时光的旅行：漫步京都古巷",
            "content":"在这个充满历史韵味的城市中，每一块石头都诉说着过去的故事。从清晨到夜晚，我穿梭于祇园的小径间，体验着传统的茶道、欣赏艺伎优雅的步伐。探访清水寺时，那壮丽的景色让我流连忘返"
        },
        {
            "img":"./img/首页/游记02.png",
            "title":"海边的故事：普罗旺斯的阳光",
            "content":"普罗旺斯的夏天是薰衣草盛开的季节，紫色的海洋与湛蓝的天空交相辉映。在这里，我参加了一个小型音乐节，享受着美食和美酒的同时，也感受到了法国南部特有的浪漫情怀"
        },
        {
            "img":"./img/首页/游记03.png",
            "title":"从繁华到宁静：我的巴厘岛心灵旅",
            "content":"玻利维亚天空之镜是世界最大的盐沼，在特殊的季节，湖面就像镜子一般，高天流云、霞光倒影，湖面与天地连成一线，完全分不清哪是天、哪是地，所以才会得名天空之镜"
        },
        {
            "img":"./img/首页/游记04.png",
            "title":"追寻北极光：冰岛冬日探险日记",
            "content":"冰岛的夜空如同一幅绚丽的画卷，而极光则是这幅画中最耀眼的一笔。为了看到最美的极光，我驾车穿越了冰原和瀑布，最终在一个静谧的小渔村实现了这一愿望，那种震撼无法用言语形容"
        }
    ]
}