{
    "other": [
        {
            "compose":"世界上根本就没有天生合适的人，只不过是两个人慢慢的为对方改变，你变一点我变一点，我们就能日复一日，年复一年"
        },
        {
            "compose":"去交会让你开心的朋友，去爱不会让你流眼泪的人，去向自己想去的方向，去完成不论大小的梦想，生活应该是美好而温暖的，你也是。"
        },
        {
            "compose":" 唯有先热爱自己，你才能去热爱这个世界"
        },
        {
            "compose":"至死不渝的友情，有时候胜过敷衍的爱情"
        }
    ],
    "recommend":[
        {
            "text":"《春娇与志明》———— 欧阳耀莹"
        },
        {
            "text":"《春泥》———— 余超颖"
        },
        {
            "text":"《刺痛》———— 金润吉"
        },
        {
            "text":"《不露声色》———— jam"
        }
    ]
}