{
    "relatedReading": [
        {
            "img":"./img/乐章/相关阅读01.webp",
            "title":"万物皆有裂痕，那是光照进来的地方"
        },
        {
            "img":"./img/乐章/相关阅读02.webp",
            "title":"我迈过人间万物，从不慌张，唯独你踏过山水"
        },
        {
            "img":"./img/乐章/相关阅读03.webp",
            "title":"喜欢海，喜欢花，喜欢日出和日落"
        },
        {
            "img":"./img/乐章/相关阅读04.jpg",
            "title":"自由，就是不再寻求认可"
        }
    ],
    "like": [
        {
            "like_person": "阿豪",
            "img": "./img/乐章/头像01.webp"
        },
        {
            "like_person": "我爱小熊",
            "img": "./img/乐章/头像02.webp"
        },
        {
            "like_person": "欣欣",
            "img": "./img/乐章/头像03.webp"
        },
        {
            "like_person": "小东",
            "img": "./img/乐章/头像04.webp"
        },
        {
            "like_person": "欣欣",
            "img": "./img/乐章/头像05.jpg"
        }
    ]
}