{
    "remarks": [
        {
            "remarks_img": "./img/乐章/头像06.webp",
            "remarks_person": "明凯",
            "remarks_time": "2024-07-08",
            "remarks_like": 34,
            "remarks_say": 51,
            "remarks_content": "细雨湿衣看不见，闲花落地听无声。——唐.刘长卿《别严士元》"
        },
        {
            "remarks_img": "./img/乐章/头像04.webp",
            "remarks_person": "小东",
            "remarks_time": "2024-08-01",
            "remarks_like": 22,
            "remarks_say": 35,
            "remarks_content": "山中何事？松花酿酒，春水煎茶。——元.张可久《人月圆.山中书事》"
        },
        {
            "remarks_img": "./img/乐章/头像03.webp",
            "remarks_person": "欣欣",
            "remarks_time": "2025-03-10",
            "remarks_like": 68,
            "remarks_say": 108,
            "remarks_content": "一往情深深几许？深山夕照深秋雨。——纳兰容若《蝶恋花·出塞》"
        }
    ]
}