{
    "success": true,
    "msg": "",
    "song": [
        {
            "title":"易燃易爆炸-陈粒",
            "number":"43万",
            "content":"这首歌曲中的歌词给人一种十分震撼的感觉，《易燃易爆炸》歌词直接表达了人性的特点与丑恶，歌词里句句的对比反差词，唱出了爱情中的折磨与不甘，听懂这首歌，真的会落泪。我个人觉得不属于自己的东西，那就不应该强求，常扭的瓜不甜，如果自己非要得到的话，那么得到的后果也是让自己不开心的，没有什么感觉。",
            "img":"./img/乐章/易燃易爆炸.jpg",
            "audio":"./video/易燃易爆炸.mp3"
        }
    ]
}